"CITY","WEATHER","VISIBILITY","TEMP","TEMP_MIN","TEMP_MAX","PRESSURE","HUMIDITY","WIND_SPEED","WIND_DEG","FORECAST_DATETIME","SEASON"
"Seoul","Clear",10000,16.09,16.09,16.74,1017,72,1.16,353,1789408800,"Winter"
"Seoul","Clear",10000,16.05,16.05,16.19,1017,66,0.79,48,1789419600,"Winter"
"Seoul","Clear",10000,20.32,20.32,20.32,1018,48,0.62,358,1789430400,"Winter"
"Seoul","Clear",10000,24.99,24.99,24.99,1017,36,1.9,293,1789441200,"Winter"
"Seoul","Clear",10000,26.92,26.92,26.92,1016,26,3.98,290,1789452000,"Winter"
"Seoul","Clear",10000,23.86,23.86,23.86,1016,25,3.45,308,1789462800,"Winter"
"Seoul","Clear",10000,20.65,20.65,20.65,1018,40,1.29,313,1789473600,"Winter"
"Seoul","Clear",10000,18.58,18.58,18.58,1018,46,1.05,8,1789484400,"Winter"
"Seoul","Clear",10000,16.91,16.91,16.91,1018,51,1.06,59,1789495200,"Winter"
"Seoul","Clear",10000,15.88,15.88,15.88,1018,57,1.21,70,1789506000,"Winter"
"Seoul","Clear",10000,20.77,20.77,20.77,1019,48,1.32,69,1789516800,"Winter"
"Seoul","Clear",10000,26.23,26.23,26.23,1018,34,1.33,92,1789527600,"Winter"
"Seoul","Clear",10000,29.13,29.13,29.13,1016,24,0.59,207,1789538400,"Winter"
"Seoul","Clouds",10000,27,27,27,1017,29,1.52,239,1789549200,"Winter"
"Seoul","Clouds",10000,23.9,23.9,23.9,1018,44,0.57,324,1789560000,"Winter"
"Seoul","Clouds",10000,22.55,22.55,22.55,1019,46,1.15,104,1789570800,"Winter"
"Seoul","Clouds",10000,20.83,20.83,20.83,1019,51,1.14,80,1789581600,"Winter"
"Seoul","Clouds",10000,19.47,19.47,19.47,1020,61,0.98,89,1789592400,"Winter"
"Seoul","Clouds",10000,21.95,21.95,21.95,1021,58,1.85,79,1789603200,"Winter"
"Seoul","Clouds",10000,27.01,27.01,27.01,1021,27,2.76,104,1789614000,"Winter"
"Seoul","Clouds",10000,28.17,28.17,28.17,1019,25,3.45,109,1789624800,"Winter"
"Seoul","Clouds",10000,26.67,26.67,26.67,1020,32,0.6,175,1789635600,"Winter"
"Seoul","Clouds",10000,24.14,24.14,24.14,1021,42,0.43,53,1789646400,"Winter"
"Seoul","Clouds",10000,22.39,22.39,22.39,1022,45,1.55,80,1789657200,"Winter"
"Seoul","Clouds",10000,20.33,20.33,20.33,1022,52,1.59,63,1789668000,"Winter"
"Seoul","Clouds",10000,18.9,18.9,18.9,1023,57,1.57,73,1789678800,"Winter"
"Seoul","Clouds",10000,21.53,21.53,21.53,1024,50,2.41,79,1789689600,"Winter"
"Seoul","Clouds",10000,25.85,25.85,25.85,1023,37,3.8,88,1789700400,"Winter"
"Seoul","Clouds",10000,28.5,28.5,28.5,1020,29,3.21,100,1789711200,"Winter"
"Seoul","Clouds",10000,26,26,26,1021,34,3.67,90,1789722000,"Winter"
"Seoul","Clouds",10000,22.56,22.56,22.56,1023,44,3.51,86,1789732800,"Winter"
"Seoul","Clear",10000,20.71,20.71,20.71,1022,54,2.03,66,1789743600,"Winter"
"Seoul","Clear",10000,19.03,19.03,19.03,1022,64,1.74,62,1789754400,"Winter"
"Seoul","Clear",10000,17.71,17.71,17.71,1022,71,1.46,63,1789765200,"Winter"
"Seoul","Clouds",10000,20.95,20.95,20.95,1023,55,2.79,68,1789776000,"Winter"
"Seoul","Clear",10000,25.79,25.79,25.79,1021,39,3.19,78,1789786800,"Winter"
"Seoul","Clear",10000,28.21,28.21,28.21,1019,31,2.49,75,1789797600,"Winter"
"Seoul","Clouds",10000,26.9,26.9,26.9,1019,35,3.11,83,1789808400,"Winter"
"Seoul","Clouds",10000,23.45,23.45,23.45,1020,44,2.39,83,1789819200,"Winter"
"Seoul","Clouds",10000,21.47,21.47,21.47,1020,52,1.74,67,1789830000,"Winter"
"Washington, D.C.","Clear",10000,12.15,12.15,15.24,1017,81,1.73,6,1789408800,"Winter"
"Washington, D.C.","Clouds",10000,16.52,16.52,19.47,1016,57,2.21,76,1789419600,"Winter"
"Washington, D.C.","Clouds",10000,19.92,19.92,19.92,1014,42,1.91,96,1789430400,"Winter"
"Washington, D.C.","Clouds",10000,13.81,13.81,13.81,1016,67,1.38,271,1789441200,"Winter"
"Washington, D.C.","Clouds",10000,12.32,12.32,12.32,1017,77,1.86,303,1789452000,"Winter"
"Washington, D.C.","Clouds",10000,11.92,11.92,11.92,1016,79,1.58,296,1789462800,"Winter"
"Washington, D.C.","Clouds",10000,11.48,11.48,11.48,1016,78,1.31,295,1789473600,"Winter"
"Washington, D.C.","Clouds",10000,13.06,13.06,13.06,1016,72,1.08,317,1789484400,"Winter"
"Washington, D.C.","Rain",10000,14.91,14.91,14.91,1017,68,1.62,3,1789495200,"Winter"
"Washington, D.C.","Clouds",10000,14.97,14.97,14.97,1016,59,1.94,357,1789506000,"Winter"
"Washington, D.C.","Clouds",10000,14.7,14.7,14.7,1017,68,1.57,300,1789516800,"Winter"
"Washington, D.C.","Clouds",10000,12.43,12.43,12.43,1018,73,1.6,280,1789527600,"Winter"
"Washington, D.C.","Clouds",10000,11.9,11.9,11.9,1020,81,2.28,282,1789538400,"Winter"
"Washington, D.C.","Clear",10000,10.73,10.73,10.73,1020,81,1.79,290,1789549200,"Winter"
"Washington, D.C.","Clear",10000,10.23,10.23,10.23,1021,80,1.71,287,1789560000,"Winter"
"Washington, D.C.","Clear",10000,12.93,12.93,12.93,1022,67,1.08,308,1789570800,"Winter"
"Washington, D.C.","Clear",10000,20.51,20.51,20.51,1021,41,1,62,1789581600,"Winter"
"Washington, D.C.","Clear",10000,23.54,23.54,23.54,1019,32,1.8,116,1789592400,"Winter"
"Washington, D.C.","Clear",10000,23.74,23.74,23.74,1017,31,1.45,111,1789603200,"Winter"
"Washington, D.C.","Clear",10000,16.31,16.31,16.31,1018,51,2.09,258,1789614000,"Winter"
"Washington, D.C.","Clear",10000,14.1,14.1,14.1,1019,58,2.04,282,1789624800,"Winter"
"Washington, D.C.","Clear",10000,13.03,13.03,13.03,1018,60,1.88,284,1789635600,"Winter"
"Washington, D.C.","Clear",10000,12.56,12.56,12.56,1018,60,1.78,285,1789646400,"Winter"
"Washington, D.C.","Clear",10000,15.18,15.18,15.18,1018,53,1.39,300,1789657200,"Winter"
"Washington, D.C.","Clear",10000,23.05,23.05,23.05,1016,34,1.1,68,1789668000,"Winter"
"Washington, D.C.","Clear",10000,26.79,26.79,26.79,1014,26,1.93,93,1789678800,"Winter"
"Washington, D.C.","Clear",10000,26.99,26.99,26.99,1013,28,1.67,103,1789689600,"Winter"
"Washington, D.C.","Clear",10000,19.09,19.09,19.09,1014,48,2.3,263,1789700400,"Winter"
"Washington, D.C.","Clear",10000,16.22,16.22,16.22,1015,57,2.31,283,1789711200,"Winter"
"Washington, D.C.","Clear",10000,14.81,14.81,14.81,1016,58,2.44,286,1789722000,"Winter"
"Washington, D.C.","Clear",10000,13.78,13.78,13.78,1016,60,2.31,287,1789732800,"Winter"
"Washington, D.C.","Clear",10000,15.89,15.89,15.89,1017,53,1.9,297,1789743600,"Winter"
"Washington, D.C.","Clear",10000,24.23,24.23,24.23,1016,28,1.45,31,1789754400,"Winter"
"Washington, D.C.","Clear",10000,27.94,27.94,27.94,1015,22,1.67,63,1789765200,"Winter"
"Washington, D.C.","Clear",10000,28.05,28.05,28.05,1014,25,1.05,355,1789776000,"Winter"
"Washington, D.C.","Clear",10000,18.37,18.37,18.37,1016,54,2.74,287,1789786800,"Winter"
"Washington, D.C.","Clear",10000,15.05,15.05,15.05,1018,64,2.56,291,1789797600,"Winter"
"Washington, D.C.","Clear",10000,13.68,13.68,13.68,1017,61,2.24,295,1789808400,"Winter"
"Washington, D.C.","Clouds",10000,12.84,12.84,12.84,1018,58,2.01,294,1789819200,"Winter"
"Washington, D.C.","Clouds",10000,15.01,15.01,15.01,1018,52,1.46,307,1789830000,"Winter"
"Paris","Clouds",10000,28.08,27.19,28.08,1022,43,1.36,63,1789408800,"Winter"
"Paris","Clouds",10000,25.04,23.3,25.04,1022,48,1.05,88,1789419600,"Winter"
"Paris","Clouds",10000,21.93,21.93,21.93,1021,55,1.14,133,1789430400,"Winter"
"Paris","Clear",10000,19.37,19.37,19.37,1020,62,1.31,153,1789441200,"Winter"
"Paris","Clear",10000,19.09,19.09,19.09,1019,66,1.28,178,1789452000,"Winter"
"Paris","Clouds",10000,29.31,29.31,29.31,1018,48,2,196,1789462800,"Winter"
"Paris","Clouds",10000,32.4,32.4,32.4,1016,30,3.02,229,1789473600,"Winter"
"Paris","Clear",10000,33.83,33.83,33.83,1014,24,4.1,260,1789484400,"Winter"
"Paris","Clouds",10000,21.91,21.91,21.91,1016,44,5.77,320,1789495200,"Winter"
"Paris","Clouds",10000,16.75,16.75,16.75,1018,51,5.3,318,1789506000,"Winter"
"Paris","Clouds",10000,14.19,14.19,14.19,1018,52,4.42,323,1789516800,"Winter"
"Paris","Clouds",10000,13.15,13.15,13.15,1018,58,3.54,315,1789527600,"Winter"
"Paris","Clouds",10000,10.02,10.02,10.02,1019,65,2.81,297,1789538400,"Winter"
"Paris","Clear",10000,18.41,18.41,18.41,1020,56,3.12,301,1789549200,"Winter"
"Paris","Clouds",10000,21.79,21.79,21.79,1019,39,3.38,287,1789560000,"Winter"
"Paris","Clouds",10000,20.68,20.68,20.68,1018,41,3.15,303,1789570800,"Winter"
"Paris","Clouds",10000,20.24,20.24,20.24,1019,43,2.59,324,1789581600,"Winter"
"Paris","Clouds",10000,18.01,18.01,18.01,1020,54,3.69,330,1789592400,"Winter"
"Paris","Clouds",10000,16.53,16.53,16.53,1020,57,2.21,297,1789603200,"Winter"
"Paris","Clouds",10000,15.67,15.67,15.67,1018,59,1.8,253,1789614000,"Winter"
"Paris","Clouds",10000,14.88,14.88,14.88,1018,64,3.18,252,1789624800,"Winter"
"Paris","Clouds",10000,16.78,16.78,16.78,1018,56,3.36,248,1789635600,"Winter"
"Paris","Clouds",10000,20.54,20.54,20.54,1016,41,3.89,257,1789646400,"Winter"
"Paris","Clouds",10000,21.45,21.45,21.45,1014,38,3.4,279,1789657200,"Winter"
"Paris","Rain",10000,18.34,18.34,18.34,1014,59,4.54,291,1789668000,"Winter"
"Paris","Rain",10000,18.3,18.3,18.3,1015,61,2.96,260,1789678800,"Winter"
"Paris","Clouds",10000,17.04,17.04,17.04,1015,70,3.22,290,1789689600,"Winter"
"Paris","Clouds",10000,15.69,15.69,15.69,1015,75,2.33,277,1789700400,"Winter"
"Paris","Clouds",10000,14.71,14.71,14.71,1016,76,2.21,279,1789711200,"Winter"
"Paris","Clouds",10000,17.78,17.78,17.78,1017,54,2.52,303,1789722000,"Winter"
"Paris","Clouds",10000,19.29,19.29,19.29,1018,44,2.28,306,1789732800,"Winter"
"Paris","Clouds",10000,20.76,20.76,20.76,1018,39,1.55,327,1789743600,"Winter"
"Paris","Clouds",10000,20.28,20.28,20.28,1018,41,1.73,312,1789754400,"Winter"
"Paris","Clouds",10000,17.92,17.92,17.92,1021,51,2.2,4,1789765200,"Winter"
"Paris","Clouds",10000,16.28,16.28,16.28,1021,60,1.55,3,1789776000,"Winter"
"Paris","Clouds",10000,15.71,15.71,15.71,1022,64,0.61,349,1789786800,"Winter"
"Paris","Clouds",10000,15.09,15.09,15.09,1023,66,0.63,278,1789797600,"Winter"
"Paris","Clouds",10000,18.11,18.11,18.11,1024,54,1.51,222,1789808400,"Winter"
"Paris","Clouds",10000,22.25,22.25,22.25,1024,39,1.9,251,1789819200,"Winter"
"Paris","Clouds",10000,24.27,24.27,24.27,1024,31,1.72,306,1789830000,"Winter"
"Suzhou","Clouds",10000,22.77,22.21,22.77,1019,82,1.93,22,1789408800,"Winter"
"Suzhou","Clouds",10000,21.85,21.25,21.85,1019,83,1.95,23,1789419600,"Winter"
"Suzhou","Clouds",10000,24.58,24.58,24.58,1020,61,2.59,51,1789430400,"Winter"
"Suzhou","Clouds",10000,29.1,29.1,29.1,1019,40,4.08,58,1789441200,"Winter"
"Suzhou","Clouds",10000,28.63,28.63,28.63,1018,42,3.88,45,1789452000,"Winter"
"Suzhou","Clouds",10000,25.35,25.35,25.35,1018,56,2.93,56,1789462800,"Winter"
"Suzhou","Clouds",10000,22.99,22.99,22.99,1018,69,2.34,63,1789473600,"Winter"
"Suzhou","Clouds",10000,21.44,21.44,21.44,1018,76,1.43,69,1789484400,"Winter"
"Suzhou","Clouds",10000,20.93,20.93,20.93,1018,79,1.32,44,1789495200,"Winter"
"Suzhou","Clouds",10000,19.62,19.62,19.62,1018,81,1.1,62,1789506000,"Winter"
"Suzhou","Clouds",10000,23.39,23.39,23.39,1019,68,1.25,66,1789516800,"Winter"
"Suzhou","Clouds",10000,27.41,27.41,27.41,1017,49,3.37,67,1789527600,"Winter"
"Suzhou","Clouds",10000,28.35,28.35,28.35,1015,43,3.33,70,1789538400,"Winter"
"Suzhou","Clouds",10000,26.25,26.25,26.25,1016,52,3.26,64,1789549200,"Winter"
"Suzhou","Clouds",10000,21.75,21.75,21.75,1017,62,2.5,74,1789560000,"Winter"
"Suzhou","Clouds",10000,20.5,20.5,20.5,1017,68,1.78,64,1789570800,"Winter"
"Suzhou","Clouds",10000,21.05,21.05,21.05,1016,67,1.88,59,1789581600,"Winter"
"Suzhou","Clouds",10000,20.88,20.88,20.88,1015,67,1.78,69,1789592400,"Winter"
"Suzhou","Clouds",10000,21.8,21.8,21.8,1017,68,1.07,63,1789603200,"Winter"
"Suzhou","Clouds",10000,25.89,25.89,25.89,1016,62,2.2,111,1789614000,"Winter"
"Suzhou","Clouds",10000,25.46,25.46,25.46,1015,67,1.06,16,1789624800,"Winter"
"Suzhou","Clouds",10000,25.16,25.16,25.16,1015,71,1.27,60,1789635600,"Winter"
"Suzhou","Clouds",10000,23.57,23.57,23.57,1016,78,2.47,123,1789646400,"Winter"
"Suzhou","Clouds",10000,23.15,23.15,23.15,1017,77,1.68,87,1789657200,"Winter"
"Suzhou","Clouds",10000,22.67,22.67,22.67,1016,77,1.83,81,1789668000,"Winter"
"Suzhou","Clouds",10000,22.48,22.48,22.48,1016,78,1.57,66,1789678800,"Winter"
"Suzhou","Rain",10000,22.14,22.14,22.14,1018,84,1.99,28,1789689600,"Winter"
"Suzhou","Rain",10000,22.64,22.64,22.64,1018,86,2.13,47,1789700400,"Winter"
"Suzhou","Clouds",10000,23.68,23.68,23.68,1017,79,3.05,48,1789711200,"Winter"
"Suzhou","Clouds",10000,26.07,26.07,26.07,1017,66,2.26,43,1789722000,"Winter"
"Suzhou","Clouds",10000,22.12,22.12,22.12,1018,81,2.19,56,1789732800,"Winter"
"Suzhou","Clear",10000,20.77,20.77,20.77,1018,84,1.53,25,1789743600,"Winter"
"Suzhou","Clear",10000,20.32,20.32,20.32,1018,92,1.64,357,1789754400,"Winter"
"Suzhou","Clear",10000,20.06,20.06,20.06,1018,95,1.71,350,1789765200,"Winter"
"Suzhou","Clear",10000,24.1,24.1,24.1,1018,82,2.65,13,1789776000,"Winter"
"Suzhou","Clouds",10000,29.14,29.14,29.14,1018,56,2.74,23,1789786800,"Winter"
"Suzhou","Rain",10000,28.45,28.45,28.45,1017,65,4.59,37,1789797600,"Winter"
"Suzhou","Rain",10000,26.12,26.12,26.12,1017,75,4.61,53,1789808400,"Winter"
"Suzhou","Rain",10000,23,23,23,1018,87,3.22,61,1789819200,"Winter"
"Suzhou","Clouds",10000,21.71,21.71,21.71,1018,89,2.19,45,1789830000,"Winter"
